-- MariaDB dump 10.17  Distrib 10.4.11-MariaDB, for Win64 (AMD64)
--
-- Host: localhost    Database: thank_db
-- ------------------------------------------------------
-- Server version	10.4.11-MariaDB

/*!40101 SET @OLD_CHARACTER_SET_CLIENT=@@CHARACTER_SET_CLIENT */;
/*!40101 SET @OLD_CHARACTER_SET_RESULTS=@@CHARACTER_SET_RESULTS */;
/*!40101 SET @OLD_COLLATION_CONNECTION=@@COLLATION_CONNECTION */;
/*!40101 SET NAMES utf8mb4 */;
/*!40103 SET @OLD_TIME_ZONE=@@TIME_ZONE */;
/*!40103 SET TIME_ZONE='+00:00' */;
/*!40014 SET @OLD_UNIQUE_CHECKS=@@UNIQUE_CHECKS, UNIQUE_CHECKS=0 */;
/*!40014 SET @OLD_FOREIGN_KEY_CHECKS=@@FOREIGN_KEY_CHECKS, FOREIGN_KEY_CHECKS=0 */;
/*!40101 SET @OLD_SQL_MODE=@@SQL_MODE, SQL_MODE='NO_AUTO_VALUE_ON_ZERO' */;
/*!40111 SET @OLD_SQL_NOTES=@@SQL_NOTES, SQL_NOTES=0 */;

--
-- Table structure for table `department`
--

DROP TABLE IF EXISTS `department`;
/*!40101 SET @saved_cs_client     = @@character_set_client */;
/*!40101 SET character_set_client = utf8 */;
CREATE TABLE `department` (
  `id` int(11) NOT NULL AUTO_INCREMENT,
  `name` varchar(255) NOT NULL,
  `parent_id` int(11) NOT NULL,
  PRIMARY KEY (`id`)
) ENGINE=InnoDB AUTO_INCREMENT=21 DEFAULT CHARSET=utf8;
/*!40101 SET character_set_client = @saved_cs_client */;

--
-- Dumping data for table `department`
--

LOCK TABLES `department` WRITE;
/*!40000 ALTER TABLE `department` DISABLE KEYS */;
INSERT INTO `department` VALUES (1,'Департамент № 1',20),(2,'Департамент № 2',19),(3,'Департамент № 3',18),(4,'Департамент № 4',17),(5,'Департамент № 5',16),(6,'Департамент № 6',15),(7,'Департамент № 7',14);
/*!40000 ALTER TABLE `department` ENABLE KEYS */;
UNLOCK TABLES;

--
-- Table structure for table `department_user`
--

DROP TABLE IF EXISTS `department_user`;
/*!40101 SET @saved_cs_client     = @@character_set_client */;
/*!40101 SET character_set_client = utf8 */;
CREATE TABLE `department_user` (
  `id` int(11) NOT NULL AUTO_INCREMENT,
  `user_id` int(11) NOT NULL,
  `department_id` int(11) NOT NULL,
  PRIMARY KEY (`id`)
) ENGINE=InnoDB AUTO_INCREMENT=25 DEFAULT CHARSET=utf8;
/*!40101 SET character_set_client = @saved_cs_client */;

--
-- Dumping data for table `department_user`
--

LOCK TABLES `department_user` WRITE;
/*!40000 ALTER TABLE `department_user` DISABLE KEYS */;
INSERT INTO `department_user` VALUES (1,1,1),(2,2,1),(3,3,1),(4,4,1),(5,5,1),(6,6,1),(7,7,2),(8,8,2),(9,9,2),(10,10,2),(11,11,2),(12,12,3),(13,13,3),(14,14,3),(15,15,3),(16,16,4),(17,17,4),(18,18,4),(19,19,5),(20,20,5),(21,21,6),(22,22,6),(23,23,6),(24,24,6);
/*!40000 ALTER TABLE `department_user` ENABLE KEYS */;
UNLOCK TABLES;

--
-- Table structure for table `thanks`
--

DROP TABLE IF EXISTS `thanks`;
/*!40101 SET @saved_cs_client     = @@character_set_client */;
/*!40101 SET character_set_client = utf8 */;
CREATE TABLE `thanks` (
  `id` int(11) NOT NULL AUTO_INCREMENT,
  `user_from_id` int(11) NOT NULL,
  `user_to_id` int(11) NOT NULL,
  `date` datetime DEFAULT current_timestamp(),
  PRIMARY KEY (`id`)
) ENGINE=InnoDB AUTO_INCREMENT=1293 DEFAULT CHARSET=utf8;
/*!40101 SET character_set_client = @saved_cs_client */;

--
-- Dumping data for table `thanks`
--

LOCK TABLES `thanks` WRITE;
/*!40000 ALTER TABLE `thanks` DISABLE KEYS */;
INSERT INTO `thanks` VALUES (382,1,2,'2021-12-02 15:29:56'),(383,1,3,'2021-12-02 15:29:56'),(384,1,4,'2021-12-02 15:29:56'),(385,1,5,'2021-12-02 15:29:56'),(386,1,6,'2021-12-02 15:29:56'),(387,1,7,'2021-12-02 15:29:56'),(388,1,8,'2021-12-02 15:29:56'),(389,1,9,'2021-12-02 15:29:56'),(390,1,10,'2021-12-02 15:29:56'),(391,1,11,'2021-12-02 15:29:56'),(392,1,12,'2021-12-02 15:29:56'),(393,1,13,'2021-12-02 15:29:56'),(394,1,14,'2021-12-02 15:29:56'),(395,1,15,'2021-12-02 15:29:56'),(396,1,16,'2021-12-02 15:29:56'),(397,1,17,'2021-12-02 15:29:56'),(398,1,18,'2021-12-02 15:29:56'),(399,1,19,'2021-12-02 15:29:56'),(400,1,20,'2021-12-02 15:29:56'),(401,2,1,'2021-12-02 15:29:56'),(402,2,3,'2021-12-02 15:29:56'),(403,2,4,'2021-12-02 15:29:56'),(404,2,5,'2021-12-02 15:29:56'),(405,2,6,'2021-12-02 15:29:56'),(406,2,7,'2021-12-02 15:29:56'),(407,2,8,'2021-12-02 15:29:56'),(408,2,9,'2021-12-02 15:29:56'),(409,2,10,'2021-12-02 15:29:56'),(410,2,11,'2021-12-02 15:29:56'),(411,2,12,'2021-12-02 15:29:56'),(412,2,13,'2021-12-02 15:29:56'),(413,2,14,'2021-12-02 15:29:56'),(414,2,15,'2021-12-02 15:29:56'),(415,2,16,'2021-12-02 15:29:56'),(416,2,17,'2021-12-02 15:29:56'),(417,2,18,'2021-12-02 15:29:56'),(418,2,19,'2021-12-02 15:29:56'),(419,2,20,'2021-12-02 15:29:56'),(420,3,1,'2021-12-02 15:29:56'),(421,3,2,'2021-12-02 15:29:56'),(422,3,4,'2021-12-02 15:29:56'),(423,3,5,'2021-12-02 15:29:56'),(424,3,6,'2021-12-02 15:29:56'),(425,3,7,'2021-12-02 15:29:56'),(426,3,8,'2021-12-02 15:29:56'),(427,3,9,'2021-12-02 15:29:56'),(428,3,10,'2021-12-02 15:29:56'),(429,3,11,'2021-12-02 15:29:56'),(430,3,12,'2021-12-02 15:29:56'),(431,3,13,'2021-12-02 15:29:56'),(432,3,14,'2021-12-02 15:29:56'),(433,3,15,'2021-12-02 15:29:56'),(434,3,16,'2021-12-02 15:29:56'),(435,3,17,'2021-12-02 15:29:56'),(436,3,18,'2021-12-02 15:29:56'),(437,3,19,'2021-12-02 15:29:56'),(438,3,20,'2021-12-02 15:29:56'),(439,4,1,'2021-12-02 15:29:56'),(440,4,2,'2021-12-02 15:29:56'),(441,4,3,'2021-12-02 15:29:56'),(442,4,5,'2021-12-02 15:29:56'),(443,4,6,'2021-12-02 15:29:56'),(444,4,7,'2021-12-02 15:29:56'),(445,4,8,'2021-12-02 15:29:56'),(446,4,9,'2021-12-02 15:29:56'),(447,4,10,'2021-12-02 15:29:56'),(448,4,11,'2021-12-02 15:29:56'),(449,4,12,'2021-12-02 15:29:56'),(450,4,13,'2021-12-02 15:29:56'),(451,4,14,'2021-12-02 15:29:56'),(452,4,15,'2021-12-02 15:29:56'),(453,4,16,'2021-12-02 15:29:56'),(454,4,17,'2021-12-02 15:29:56'),(455,4,18,'2021-12-02 15:29:56'),(456,4,19,'2021-12-02 15:29:56'),(457,4,20,'2021-12-02 15:29:56'),(458,5,1,'2021-12-02 15:29:56'),(459,5,2,'2021-12-02 15:29:56'),(460,5,3,'2021-12-02 15:29:56'),(461,5,4,'2021-12-02 15:29:56'),(462,5,6,'2021-12-02 15:29:56'),(463,5,7,'2021-12-02 15:29:56'),(464,5,8,'2021-12-02 15:29:56'),(465,5,9,'2021-12-02 15:29:56'),(466,5,10,'2021-12-02 15:29:56'),(467,5,11,'2021-12-02 15:29:56'),(468,5,12,'2021-12-02 15:29:56'),(469,5,13,'2021-12-02 15:29:56'),(470,5,14,'2021-12-02 15:29:56'),(471,5,15,'2021-12-02 15:29:56'),(472,5,16,'2021-12-02 15:29:56'),(473,5,17,'2021-12-02 15:29:56'),(474,5,18,'2021-12-02 15:29:56'),(475,5,19,'2021-12-02 15:29:56'),(476,5,20,'2021-12-02 15:29:56'),(477,6,1,'2021-12-02 15:29:56'),(478,6,2,'2021-12-02 15:29:56'),(479,6,3,'2021-12-02 15:29:56'),(480,6,4,'2021-12-02 15:29:56'),(481,6,5,'2021-12-02 15:29:56'),(482,6,7,'2021-12-02 15:29:56'),(483,6,8,'2021-12-02 15:29:56'),(484,6,9,'2021-12-02 15:29:56'),(485,6,10,'2021-12-02 15:29:56'),(486,6,11,'2021-12-02 15:29:56'),(487,6,12,'2021-12-02 15:29:56'),(488,6,13,'2021-12-02 15:29:56'),(489,6,14,'2021-12-02 15:29:56'),(490,6,15,'2021-12-02 15:29:56'),(491,6,16,'2021-12-02 15:29:56'),(492,6,17,'2021-12-02 15:29:56'),(493,6,18,'2021-12-02 15:29:56'),(494,6,19,'2021-12-02 15:29:56'),(495,6,20,'2021-12-02 15:29:56'),(496,7,1,'2021-12-02 15:29:56'),(497,7,2,'2021-12-02 15:29:56'),(498,7,3,'2021-12-02 15:29:56'),(499,7,4,'2021-12-02 15:29:56'),(500,7,5,'2021-12-02 15:29:56'),(501,7,6,'2021-12-02 15:29:56'),(502,7,8,'2021-12-02 15:29:56'),(503,7,9,'2021-12-02 15:29:56'),(504,7,10,'2021-12-02 15:29:56'),(505,7,11,'2021-12-02 15:29:56'),(506,7,12,'2021-12-02 15:29:56'),(507,7,13,'2021-12-02 15:29:56'),(508,7,14,'2021-12-02 15:29:56'),(509,7,15,'2021-12-02 15:29:56'),(510,7,16,'2021-12-02 15:29:56'),(511,7,17,'2021-12-02 15:29:56'),(512,7,18,'2021-12-02 15:29:56'),(513,7,19,'2021-12-02 15:29:56'),(514,7,20,'2021-12-02 15:29:56'),(515,8,1,'2021-12-02 15:29:56'),(516,8,2,'2021-12-02 15:29:56'),(517,8,3,'2021-12-02 15:29:56'),(518,8,4,'2021-12-02 15:29:56'),(519,8,5,'2021-12-02 15:29:56'),(520,8,6,'2021-12-02 15:29:56'),(521,8,7,'2021-12-02 15:29:56'),(522,8,9,'2021-12-02 15:29:56'),(523,8,10,'2021-12-02 15:29:56'),(524,8,11,'2021-12-02 15:29:56'),(525,8,12,'2021-12-02 15:29:56'),(526,8,13,'2021-12-02 15:29:56'),(527,8,14,'2021-12-02 15:29:56'),(528,8,15,'2021-12-02 15:29:56'),(529,8,16,'2021-12-02 15:29:56'),(530,8,17,'2021-12-02 15:29:56'),(531,8,18,'2021-12-02 15:29:56'),(532,8,19,'2021-12-02 15:29:56'),(533,8,20,'2021-12-02 15:29:56'),(534,9,1,'2021-12-02 15:29:56'),(535,9,2,'2021-12-02 15:29:56'),(536,9,3,'2021-12-02 15:29:56'),(537,9,4,'2021-12-02 15:29:56'),(538,9,5,'2021-12-02 15:29:56'),(539,9,6,'2021-12-02 15:29:56'),(540,9,7,'2021-12-02 15:29:56'),(541,9,8,'2021-12-02 15:29:56'),(542,9,10,'2021-12-02 15:29:56'),(543,9,11,'2021-12-02 15:29:56'),(544,9,12,'2021-12-02 15:29:56'),(545,9,13,'2021-12-02 15:29:56'),(546,9,14,'2021-12-02 15:29:56'),(547,9,15,'2021-12-02 15:29:56'),(548,9,16,'2021-12-02 15:29:56'),(549,9,17,'2021-12-02 15:29:56'),(550,9,18,'2021-12-02 15:29:56'),(551,9,19,'2021-12-02 15:29:56'),(552,9,20,'2021-12-02 15:29:56'),(553,10,1,'2021-12-02 15:29:56'),(554,10,2,'2021-12-02 15:29:56'),(555,10,3,'2021-12-02 15:29:56'),(556,10,4,'2021-12-02 15:29:56'),(557,10,5,'2021-12-02 15:29:56'),(558,10,6,'2021-12-02 15:29:56'),(559,10,7,'2021-12-02 15:29:56'),(560,10,8,'2021-12-02 15:29:56'),(561,10,9,'2021-12-02 15:29:56'),(562,10,11,'2021-12-02 15:29:56'),(563,10,12,'2021-12-02 15:29:56'),(564,10,13,'2021-12-02 15:29:56'),(565,10,14,'2021-12-02 15:29:56'),(566,10,15,'2021-12-02 15:29:56'),(567,10,16,'2021-12-02 15:29:56'),(568,10,17,'2021-12-02 15:29:56'),(569,10,18,'2021-12-02 15:29:56'),(570,10,19,'2021-12-02 15:29:56'),(571,10,20,'2021-12-02 15:29:56'),(572,11,1,'2021-12-02 15:29:56'),(573,11,2,'2021-12-02 15:29:56'),(574,11,3,'2021-12-02 15:29:56'),(575,11,4,'2021-12-02 15:29:56'),(576,11,5,'2021-12-02 15:29:56'),(577,11,6,'2021-12-02 15:29:56'),(578,11,7,'2021-12-02 15:29:56'),(579,11,8,'2021-12-02 15:29:56'),(580,11,9,'2021-12-02 15:29:56'),(581,11,10,'2021-12-02 15:29:56'),(582,11,12,'2021-12-02 15:29:56'),(583,11,13,'2021-12-02 15:29:56'),(584,11,14,'2021-12-02 15:29:56'),(585,11,15,'2021-12-02 15:29:56'),(586,11,16,'2021-12-02 15:29:56'),(587,11,17,'2021-12-02 15:29:56'),(588,11,18,'2021-12-02 15:29:56'),(589,11,19,'2021-12-02 15:29:56'),(590,11,20,'2021-12-02 15:29:56'),(591,12,1,'2021-12-02 15:29:56'),(592,12,2,'2021-12-02 15:29:56'),(593,12,3,'2021-12-02 15:29:56'),(594,12,4,'2021-12-02 15:29:56'),(595,12,5,'2021-12-02 15:29:56'),(596,12,6,'2021-12-02 15:29:56'),(597,12,7,'2021-12-02 15:29:56'),(598,12,8,'2021-12-02 15:29:56'),(599,12,9,'2021-12-02 15:29:56'),(600,12,10,'2021-12-02 15:29:56'),(601,12,11,'2021-12-02 15:29:56'),(602,12,13,'2021-12-02 15:29:56'),(603,12,14,'2021-12-02 15:29:56'),(604,12,15,'2021-12-02 15:29:56'),(605,12,16,'2021-12-02 15:29:56'),(606,12,17,'2021-12-02 15:29:56'),(607,12,18,'2021-12-02 15:29:56'),(608,12,19,'2021-12-02 15:29:56'),(609,12,20,'2021-12-02 15:29:56'),(610,13,1,'2021-12-02 15:29:56'),(611,13,2,'2021-12-02 15:29:56'),(612,13,3,'2021-12-02 15:29:57'),(613,13,4,'2021-12-02 15:29:57'),(614,13,5,'2021-12-02 15:29:57'),(615,13,6,'2021-12-02 15:29:57'),(616,13,7,'2021-12-02 15:29:57'),(617,13,8,'2021-12-02 15:29:57'),(618,13,9,'2021-12-02 15:29:57'),(619,13,10,'2021-12-02 15:29:57'),(620,13,11,'2021-12-02 15:29:57'),(621,13,12,'2021-12-02 15:29:57'),(622,13,14,'2021-12-02 15:29:57'),(623,13,15,'2021-12-02 15:29:57'),(624,13,16,'2021-12-02 15:29:57'),(625,13,17,'2021-12-02 15:29:57'),(626,13,18,'2021-12-02 15:29:57'),(627,13,19,'2021-12-02 15:29:57'),(628,13,20,'2021-12-02 15:29:57'),(629,14,1,'2021-12-02 15:29:57'),(630,14,2,'2021-12-02 15:29:57'),(631,14,3,'2021-12-02 15:29:57'),(632,14,4,'2021-12-02 15:29:57'),(633,14,5,'2021-12-02 15:29:57'),(634,14,6,'2021-12-02 15:29:57'),(635,14,7,'2021-12-02 15:29:57'),(636,14,8,'2021-12-02 15:29:57'),(637,14,9,'2021-12-02 15:29:57'),(638,14,10,'2021-12-02 15:29:57'),(639,14,11,'2021-12-02 15:29:57'),(640,14,12,'2021-12-02 15:29:57'),(641,14,13,'2021-12-02 15:29:57'),(642,14,15,'2021-12-02 15:29:57'),(643,14,16,'2021-12-02 15:29:57'),(644,14,17,'2021-12-02 15:29:57'),(645,14,18,'2021-12-02 15:29:57'),(646,14,19,'2021-12-02 15:29:57'),(647,14,20,'2021-12-02 15:29:57'),(648,15,1,'2021-12-02 15:29:57'),(649,15,2,'2021-12-02 15:29:57'),(650,15,3,'2021-12-02 15:29:57'),(651,15,4,'2021-12-02 15:29:57'),(652,15,5,'2021-12-02 15:29:57'),(653,15,6,'2021-12-02 15:29:57'),(654,15,7,'2021-12-02 15:29:57'),(655,15,8,'2021-12-02 15:29:57'),(656,15,9,'2021-12-02 15:29:57'),(657,15,10,'2021-12-02 15:29:57'),(658,15,11,'2021-12-02 15:29:57'),(659,15,12,'2021-12-02 15:29:57'),(660,15,13,'2021-12-02 15:29:57'),(661,15,14,'2021-12-02 15:29:57'),(662,15,16,'2021-12-02 15:29:57'),(663,15,17,'2021-12-02 15:29:57'),(664,15,18,'2021-12-02 15:29:57'),(665,15,19,'2021-12-02 15:29:57'),(666,15,20,'2021-12-02 15:29:57'),(667,16,1,'2021-12-02 15:29:57'),(668,16,2,'2021-12-02 15:29:57'),(669,16,3,'2021-12-02 15:29:57'),(670,16,4,'2021-12-02 15:29:57'),(671,16,5,'2021-12-02 15:29:57'),(672,16,6,'2021-12-02 15:29:57'),(673,16,7,'2021-12-02 15:29:57'),(674,16,8,'2021-12-02 15:29:57'),(675,16,9,'2021-12-02 15:29:57'),(676,16,10,'2021-12-02 15:29:57'),(677,16,11,'2021-12-02 15:29:57'),(678,16,12,'2021-12-02 15:29:57'),(679,16,13,'2021-12-02 15:29:57'),(680,16,14,'2021-12-02 15:29:57'),(681,16,15,'2021-12-02 15:29:57'),(682,16,17,'2021-12-02 15:29:57'),(683,16,18,'2021-12-02 15:29:57'),(684,16,19,'2021-12-02 15:29:57'),(685,16,20,'2021-12-02 15:29:57'),(686,17,1,'2021-12-02 15:29:57'),(687,17,2,'2021-12-02 15:29:57'),(688,17,3,'2021-12-02 15:29:57'),(689,17,4,'2021-12-02 15:29:57'),(690,17,5,'2021-12-02 15:29:57'),(691,17,6,'2021-12-02 15:29:57'),(692,17,7,'2021-12-02 15:29:57'),(693,17,8,'2021-12-02 15:29:57'),(694,17,9,'2021-12-02 15:29:57'),(695,17,10,'2021-12-02 15:29:57'),(696,17,11,'2021-12-02 15:29:57'),(697,17,12,'2021-12-02 15:29:57'),(698,17,13,'2021-12-02 15:29:57'),(699,17,14,'2021-12-02 15:29:57'),(700,17,15,'2021-12-02 15:29:57'),(701,17,16,'2021-12-02 15:29:57'),(702,17,18,'2021-12-02 15:29:57'),(703,17,19,'2021-12-02 15:29:57'),(704,17,20,'2021-12-02 15:29:57'),(705,18,1,'2021-12-02 15:29:57'),(706,18,2,'2021-12-02 15:29:57'),(707,18,3,'2021-12-02 15:29:57'),(708,18,4,'2021-12-02 15:29:57'),(709,18,5,'2021-12-02 15:29:57'),(710,18,6,'2021-12-02 15:29:57'),(711,18,7,'2021-12-02 15:29:57'),(712,18,8,'2021-12-02 15:29:57'),(713,18,9,'2021-12-02 15:29:57'),(714,18,10,'2021-12-02 15:29:57'),(715,18,11,'2021-12-02 15:29:57'),(716,18,12,'2021-12-02 15:29:57'),(717,18,13,'2021-12-02 15:29:57'),(718,18,14,'2021-12-02 15:29:57'),(719,18,15,'2021-12-02 15:29:57'),(720,18,16,'2021-12-02 15:29:57'),(721,18,17,'2021-12-02 15:29:57'),(722,18,19,'2021-12-02 15:29:57'),(723,18,20,'2021-12-02 15:29:57'),(724,19,1,'2021-12-02 15:29:57'),(725,19,2,'2021-12-02 15:29:57'),(726,19,3,'2021-12-02 15:29:57'),(727,19,4,'2021-12-02 15:29:57'),(728,19,5,'2021-12-02 15:29:57'),(729,19,6,'2021-12-02 15:29:57'),(730,19,7,'2021-12-02 15:29:57'),(731,19,8,'2021-12-02 15:29:57'),(732,19,9,'2021-12-02 15:29:57'),(733,19,10,'2021-12-02 15:29:57'),(734,19,11,'2021-12-02 15:29:57'),(735,19,12,'2021-12-02 15:29:57'),(736,19,13,'2021-12-02 15:29:57'),(737,19,14,'2021-12-02 15:29:57'),(738,19,15,'2021-12-02 15:29:57'),(739,19,16,'2021-12-02 15:29:57'),(740,19,17,'2021-12-02 15:29:57'),(741,19,18,'2021-12-02 15:29:57'),(742,19,20,'2021-12-02 15:29:57'),(743,20,1,'2021-12-02 15:29:57'),(744,20,2,'2021-12-02 15:29:57'),(745,20,3,'2021-12-02 15:29:57'),(746,20,4,'2021-12-02 15:29:57'),(747,20,5,'2021-12-02 15:29:57'),(748,20,6,'2021-12-02 15:29:57'),(749,20,7,'2021-12-02 15:29:57'),(750,20,8,'2021-12-02 15:29:57'),(751,20,9,'2021-12-02 15:29:57'),(752,20,10,'2021-12-02 15:29:57'),(753,20,11,'2021-12-02 15:29:57'),(754,20,12,'2021-12-02 15:29:57'),(755,20,13,'2021-12-02 15:29:57'),(756,20,14,'2021-12-02 15:29:57'),(757,20,15,'2021-12-02 15:29:57'),(758,20,16,'2021-12-02 15:29:57'),(759,20,17,'2021-12-02 15:29:57'),(760,20,18,'2021-12-02 15:29:57'),(761,20,19,'2021-12-02 15:29:57'),(762,1,15,'2021-12-02 17:50:55'),(763,1,16,'2021-12-02 17:50:55'),(764,1,17,'2021-12-02 17:50:55'),(765,1,18,'2021-12-02 17:50:55'),(766,1,19,'2021-12-02 17:50:55'),(767,1,20,'2021-12-02 17:50:55'),(768,2,15,'2021-12-02 17:50:55'),(769,2,16,'2021-12-02 17:50:55'),(770,2,17,'2021-12-02 17:50:55'),(771,2,18,'2021-12-02 17:50:55'),(772,2,19,'2021-12-02 17:50:55'),(773,2,20,'2021-12-02 17:50:55'),(774,3,15,'2021-12-02 17:50:55'),(775,3,16,'2021-12-02 17:50:55'),(776,3,17,'2021-12-02 17:50:55'),(777,3,18,'2021-12-02 17:50:55'),(778,3,19,'2021-12-02 17:50:55'),(779,3,20,'2021-12-02 17:50:55'),(780,4,15,'2021-12-02 17:50:55'),(781,4,16,'2021-12-02 17:50:55'),(782,4,17,'2021-12-02 17:50:55'),(783,4,18,'2021-12-02 17:50:55'),(784,4,19,'2021-12-02 17:50:55'),(785,4,20,'2021-12-02 17:50:55'),(786,5,15,'2021-12-02 17:50:55'),(787,5,16,'2021-12-02 17:50:55'),(788,5,17,'2021-12-02 17:50:55'),(789,5,18,'2021-12-02 17:50:55'),(790,5,19,'2021-12-02 17:50:55'),(791,5,20,'2021-12-02 17:50:55'),(792,6,9,'2021-12-02 18:00:06'),(793,6,10,'2021-12-02 18:00:06'),(794,6,11,'2021-12-02 18:00:06'),(795,6,12,'2021-12-02 18:00:06'),(796,6,13,'2021-12-02 18:00:06'),(797,6,14,'2021-12-02 18:00:06'),(798,7,9,'2021-12-02 18:00:06'),(799,7,10,'2021-12-02 18:00:06'),(800,7,11,'2021-12-02 18:00:06'),(801,7,12,'2021-12-02 18:00:06'),(802,7,13,'2021-12-02 18:00:06'),(803,7,14,'2021-12-02 18:00:06'),(804,8,9,'2021-12-02 18:00:06'),(805,8,10,'2021-12-02 18:00:06'),(806,8,11,'2021-12-02 18:00:06'),(807,8,12,'2021-12-02 18:00:06'),(808,8,13,'2021-12-02 18:00:06'),(809,8,14,'2021-12-02 18:00:06'),(810,9,10,'2021-12-02 18:00:06'),(811,9,11,'2021-12-02 18:00:06'),(812,9,12,'2021-12-02 18:00:06'),(813,9,13,'2021-12-02 18:00:06'),(814,9,14,'2021-12-02 18:00:06'),(815,10,9,'2021-12-02 18:00:06'),(816,10,11,'2021-12-02 18:00:06'),(817,10,12,'2021-12-02 18:00:06'),(818,10,13,'2021-12-02 18:00:06'),(819,10,14,'2021-12-02 18:00:06'),(820,21,24,'2021-12-02 21:43:00'),(821,21,10,'2021-12-02 21:43:00'),(822,21,14,'2021-12-02 21:43:00'),(823,21,3,'2021-12-02 21:43:00'),(824,21,10,'2021-12-02 21:43:00'),(825,21,3,'2021-12-02 21:43:00'),(826,21,16,'2021-12-02 21:43:00'),(827,21,17,'2021-12-02 21:43:00'),(828,21,21,'2021-12-02 21:43:00'),(829,22,15,'2021-12-02 21:43:00'),(830,22,8,'2021-12-02 21:43:00'),(831,22,4,'2021-12-02 21:43:00'),(832,22,6,'2021-12-02 21:43:00'),(833,22,10,'2021-12-02 21:43:00'),(834,22,3,'2021-12-02 21:43:00'),(835,22,23,'2021-12-02 21:43:00'),(836,22,7,'2021-12-02 21:43:00'),(837,22,10,'2021-12-02 21:43:00'),(838,23,22,'2021-12-02 21:43:00'),(839,23,22,'2021-12-02 21:43:00'),(840,23,14,'2021-12-02 21:43:00'),(841,23,11,'2021-12-02 21:43:00'),(842,23,15,'2021-12-02 21:43:00'),(843,23,14,'2021-12-02 21:43:00'),(844,23,7,'2021-12-02 21:43:00'),(845,23,3,'2021-12-02 21:43:00'),(846,23,4,'2021-12-02 21:43:00'),(847,24,21,'2021-12-02 21:43:00'),(848,24,11,'2021-12-02 21:43:00'),(849,24,16,'2021-12-02 21:43:00'),(850,24,24,'2021-12-02 21:43:00'),(851,24,10,'2021-12-02 21:43:00'),(852,24,2,'2021-12-02 21:43:00'),(853,24,24,'2021-12-02 21:43:00'),(854,24,19,'2021-12-02 21:43:00'),(855,24,8,'2021-12-02 21:43:00'),(856,1,5,'2021-12-02 21:47:57'),(857,1,2,'2021-12-02 21:47:57'),(858,1,21,'2021-12-02 21:47:57'),(859,1,5,'2021-12-02 21:47:57'),(860,1,15,'2021-12-02 21:47:57'),(861,1,7,'2021-12-02 21:47:57'),(862,1,9,'2021-12-02 21:47:57'),(863,1,4,'2021-12-02 21:47:57'),(864,1,18,'2021-12-02 21:47:57'),(865,1,20,'2021-12-02 21:47:57'),(866,1,18,'2021-12-02 21:47:57'),(867,1,3,'2021-12-02 21:47:57'),(868,1,14,'2021-12-02 21:47:57'),(869,1,5,'2021-12-02 21:47:57'),(870,1,24,'2021-12-02 21:47:57'),(871,1,13,'2021-12-02 21:47:57'),(872,1,9,'2021-12-02 21:47:57'),(873,1,2,'2021-12-02 21:47:57'),(874,2,23,'2021-12-02 21:47:57'),(875,2,14,'2021-12-02 21:47:57'),(876,2,7,'2021-12-02 21:47:57'),(877,2,14,'2021-12-02 21:47:57'),(878,2,18,'2021-12-02 21:47:57'),(879,2,7,'2021-12-02 21:47:57'),(880,2,10,'2021-12-02 21:47:57'),(881,2,16,'2021-12-02 21:47:57'),(882,2,20,'2021-12-02 21:47:57'),(883,2,10,'2021-12-02 21:47:57'),(884,2,15,'2021-12-02 21:47:57'),(885,2,19,'2021-12-02 21:47:57'),(886,2,4,'2021-12-02 21:47:57'),(887,2,9,'2021-12-02 21:47:57'),(888,2,1,'2021-12-02 21:47:57'),(889,2,9,'2021-12-02 21:47:57'),(890,2,18,'2021-12-02 21:47:57'),(891,2,23,'2021-12-02 21:47:57'),(892,3,17,'2021-12-02 21:47:57'),(893,3,19,'2021-12-02 21:47:57'),(894,3,15,'2021-12-02 21:47:57'),(895,3,7,'2021-12-02 21:47:57'),(896,3,23,'2021-12-02 21:47:57'),(897,3,23,'2021-12-02 21:47:57'),(898,3,3,'2021-12-02 21:47:57'),(899,3,5,'2021-12-02 21:47:57'),(900,3,7,'2021-12-02 21:47:57'),(901,3,13,'2021-12-02 21:47:57'),(902,3,8,'2021-12-02 21:47:57'),(903,3,1,'2021-12-02 21:47:57'),(904,3,1,'2021-12-02 21:47:57'),(905,3,16,'2021-12-02 21:47:57'),(906,3,20,'2021-12-02 21:47:57'),(907,3,1,'2021-12-02 21:47:57'),(908,3,5,'2021-12-02 21:47:57'),(909,3,7,'2021-12-02 21:47:57'),(910,4,24,'2021-12-02 21:47:57'),(911,4,11,'2021-12-02 21:47:57'),(912,4,22,'2021-12-02 21:47:57'),(913,4,15,'2021-12-02 21:47:57'),(914,4,8,'2021-12-02 21:47:57'),(915,4,24,'2021-12-02 21:47:57'),(916,4,18,'2021-12-02 21:47:57'),(917,4,1,'2021-12-02 21:47:57'),(918,4,3,'2021-12-02 21:47:57'),(919,4,15,'2021-12-02 21:47:57'),(920,4,20,'2021-12-02 21:47:57'),(921,4,18,'2021-12-02 21:47:57'),(922,4,4,'2021-12-02 21:47:57'),(923,4,2,'2021-12-02 21:47:57'),(924,4,12,'2021-12-02 21:47:57'),(925,4,5,'2021-12-02 21:47:57'),(926,4,19,'2021-12-02 21:47:57'),(927,4,2,'2021-12-02 21:47:57'),(928,5,22,'2021-12-02 21:47:57'),(929,5,23,'2021-12-02 21:47:57'),(930,5,18,'2021-12-02 21:47:57'),(931,5,2,'2021-12-02 21:47:57'),(932,5,10,'2021-12-02 21:47:57'),(933,5,12,'2021-12-02 21:47:57'),(934,5,16,'2021-12-02 21:47:57'),(935,5,11,'2021-12-02 21:47:57'),(936,5,22,'2021-12-02 21:47:57'),(937,5,9,'2021-12-02 21:47:57'),(938,5,21,'2021-12-02 21:47:57'),(939,5,15,'2021-12-02 21:47:57'),(940,5,12,'2021-12-02 21:47:57'),(941,5,22,'2021-12-02 21:47:57'),(942,5,15,'2021-12-02 21:47:57'),(943,5,24,'2021-12-02 21:47:57'),(944,5,5,'2021-12-02 21:47:57'),(945,5,18,'2021-12-02 21:47:57'),(946,6,16,'2021-12-02 21:47:57'),(947,6,11,'2021-12-02 21:47:57'),(948,6,23,'2021-12-02 21:47:57'),(949,6,2,'2021-12-02 21:47:57'),(950,6,13,'2021-12-02 21:47:57'),(951,6,20,'2021-12-02 21:47:57'),(952,6,7,'2021-12-02 21:47:57'),(953,6,5,'2021-12-02 21:47:57'),(954,6,5,'2021-12-02 21:47:57'),(955,6,12,'2021-12-02 21:47:57'),(956,6,11,'2021-12-02 21:47:57'),(957,6,9,'2021-12-02 21:47:57'),(958,6,3,'2021-12-02 21:47:57'),(959,6,3,'2021-12-02 21:47:57'),(960,6,14,'2021-12-02 21:47:57'),(961,6,3,'2021-12-02 21:47:57'),(962,6,23,'2021-12-02 21:47:57'),(963,6,20,'2021-12-02 21:47:57'),(964,7,20,'2021-12-02 21:47:57'),(965,7,5,'2021-12-02 21:47:57'),(966,7,3,'2021-12-02 21:47:57'),(967,7,13,'2021-12-02 21:47:57'),(968,7,12,'2021-12-02 21:47:57'),(969,7,4,'2021-12-02 21:47:57'),(970,7,10,'2021-12-02 21:47:57'),(971,7,8,'2021-12-02 21:47:57'),(972,7,13,'2021-12-02 21:47:57'),(973,7,21,'2021-12-02 21:47:57'),(974,7,4,'2021-12-02 21:47:57'),(975,7,11,'2021-12-02 21:47:57'),(976,7,10,'2021-12-02 21:47:57'),(977,7,9,'2021-12-02 21:47:57'),(978,7,17,'2021-12-02 21:47:57'),(979,7,4,'2021-12-02 21:47:57'),(980,7,5,'2021-12-02 21:47:57'),(981,7,15,'2021-12-02 21:47:57'),(982,8,2,'2021-12-02 21:47:57'),(983,8,15,'2021-12-02 21:47:57'),(984,8,14,'2021-12-02 21:47:57'),(985,8,14,'2021-12-02 21:47:57'),(986,8,3,'2021-12-02 21:47:57'),(987,8,6,'2021-12-02 21:47:57'),(988,8,10,'2021-12-02 21:47:57'),(989,8,2,'2021-12-02 21:47:57'),(990,8,10,'2021-12-02 21:47:57'),(991,8,21,'2021-12-02 21:47:57'),(992,8,23,'2021-12-02 21:47:57'),(993,8,1,'2021-12-02 21:47:57'),(994,8,8,'2021-12-02 21:47:57'),(995,8,6,'2021-12-02 21:47:57'),(996,8,22,'2021-12-02 21:47:57'),(997,8,5,'2021-12-02 21:47:57'),(998,8,18,'2021-12-02 21:47:57'),(999,8,8,'2021-12-02 21:47:57'),(1000,9,14,'2021-12-02 21:47:57'),(1001,9,4,'2021-12-02 21:47:57'),(1002,9,23,'2021-12-02 21:47:57'),(1003,9,24,'2021-12-02 21:47:57'),(1004,9,1,'2021-12-02 21:47:57'),(1005,9,21,'2021-12-02 21:47:57'),(1006,9,15,'2021-12-02 21:47:57'),(1007,9,3,'2021-12-02 21:47:57'),(1008,9,11,'2021-12-02 21:47:57'),(1009,9,22,'2021-12-02 21:47:57'),(1010,9,24,'2021-12-02 21:47:57'),(1011,9,12,'2021-12-02 21:47:57'),(1012,9,2,'2021-12-02 21:47:57'),(1013,9,16,'2021-12-02 21:47:57'),(1014,9,9,'2021-12-02 21:47:57'),(1015,9,13,'2021-12-02 21:47:57'),(1016,9,7,'2021-12-02 21:47:57'),(1017,9,15,'2021-12-02 21:47:57'),(1018,10,19,'2021-12-02 21:47:57'),(1019,10,5,'2021-12-02 21:47:57'),(1020,10,8,'2021-12-02 21:47:57'),(1021,10,5,'2021-12-02 21:47:57'),(1022,10,15,'2021-12-02 21:47:57'),(1023,10,2,'2021-12-02 21:47:57'),(1024,10,18,'2021-12-02 21:47:57'),(1025,10,7,'2021-12-02 21:47:57'),(1026,10,6,'2021-12-02 21:47:57'),(1027,10,1,'2021-12-02 21:47:57'),(1028,10,15,'2021-12-02 21:47:57'),(1029,10,7,'2021-12-02 21:47:57'),(1030,10,19,'2021-12-02 21:47:57'),(1031,10,17,'2021-12-02 21:47:57'),(1032,10,22,'2021-12-02 21:47:57'),(1033,10,3,'2021-12-02 21:47:57'),(1034,10,16,'2021-12-02 21:47:57'),(1035,10,15,'2021-12-02 21:47:57'),(1036,11,8,'2021-12-02 21:47:57'),(1037,11,21,'2021-12-02 21:47:57'),(1038,11,18,'2021-12-02 21:47:57'),(1039,11,1,'2021-12-02 21:47:57'),(1040,11,21,'2021-12-02 21:47:57'),(1041,11,7,'2021-12-02 21:47:57'),(1042,11,3,'2021-12-02 21:47:57'),(1043,11,8,'2021-12-02 21:47:57'),(1044,11,1,'2021-12-02 21:47:57'),(1045,11,24,'2021-12-02 21:47:57'),(1046,11,2,'2021-12-02 21:47:57'),(1047,11,20,'2021-12-02 21:47:57'),(1048,11,17,'2021-12-02 21:47:57'),(1049,11,1,'2021-12-02 21:47:57'),(1050,11,23,'2021-12-02 21:47:57'),(1051,11,21,'2021-12-02 21:47:57'),(1052,11,16,'2021-12-02 21:47:57'),(1053,11,14,'2021-12-02 21:47:57'),(1054,12,14,'2021-12-02 21:47:57'),(1055,12,5,'2021-12-02 21:47:57'),(1056,12,20,'2021-12-02 21:47:57'),(1057,12,12,'2021-12-02 21:47:57'),(1058,12,11,'2021-12-02 21:47:57'),(1059,12,20,'2021-12-02 21:47:57'),(1060,12,19,'2021-12-02 21:47:57'),(1061,12,3,'2021-12-02 21:47:57'),(1062,12,15,'2021-12-02 21:47:57'),(1063,12,14,'2021-12-02 21:47:57'),(1064,12,3,'2021-12-02 21:47:57'),(1065,12,15,'2021-12-02 21:47:57'),(1066,12,18,'2021-12-02 21:47:57'),(1067,12,14,'2021-12-02 21:47:57'),(1068,12,22,'2021-12-02 21:47:57'),(1069,12,5,'2021-12-02 21:47:57'),(1070,12,14,'2021-12-02 21:47:57'),(1071,12,17,'2021-12-02 21:47:57'),(1072,13,3,'2021-12-02 21:47:57'),(1073,13,14,'2021-12-02 21:47:57'),(1074,13,1,'2021-12-02 21:47:57'),(1075,13,9,'2021-12-02 21:47:57'),(1076,13,9,'2021-12-02 21:47:57'),(1077,13,6,'2021-12-02 21:47:57'),(1078,13,17,'2021-12-02 21:47:57'),(1079,13,1,'2021-12-02 21:47:57'),(1080,13,24,'2021-12-02 21:47:57'),(1081,13,8,'2021-12-02 21:47:57'),(1082,13,21,'2021-12-02 21:47:57'),(1083,13,2,'2021-12-02 21:47:57'),(1084,13,22,'2021-12-02 21:47:57'),(1085,13,7,'2021-12-02 21:47:57'),(1086,13,13,'2021-12-02 21:47:57'),(1087,13,21,'2021-12-02 21:47:57'),(1088,13,5,'2021-12-02 21:47:57'),(1089,13,17,'2021-12-02 21:47:57'),(1090,14,24,'2021-12-02 21:47:57'),(1091,14,19,'2021-12-02 21:47:57'),(1092,14,12,'2021-12-02 21:47:57'),(1093,14,1,'2021-12-02 21:47:57'),(1094,14,23,'2021-12-02 21:47:57'),(1095,14,17,'2021-12-02 21:47:57'),(1096,14,20,'2021-12-02 21:47:57'),(1097,14,5,'2021-12-02 21:47:57'),(1098,14,14,'2021-12-02 21:47:57'),(1099,14,11,'2021-12-02 21:47:57'),(1100,14,18,'2021-12-02 21:47:57'),(1101,14,5,'2021-12-02 21:47:57'),(1102,14,15,'2021-12-02 21:47:57'),(1103,14,24,'2021-12-02 21:47:57'),(1104,14,19,'2021-12-02 21:47:57'),(1105,14,16,'2021-12-02 21:47:57'),(1106,14,19,'2021-12-02 21:47:57'),(1107,14,1,'2021-12-02 21:47:57'),(1108,15,7,'2021-12-02 21:47:57'),(1109,15,1,'2021-12-02 21:47:57'),(1110,15,13,'2021-12-02 21:47:57'),(1111,15,3,'2021-12-02 21:47:57'),(1112,15,21,'2021-12-02 21:47:57'),(1113,15,10,'2021-12-02 21:47:57'),(1114,15,6,'2021-12-02 21:47:57'),(1115,15,3,'2021-12-02 21:47:57'),(1116,15,12,'2021-12-02 21:47:57'),(1117,15,18,'2021-12-02 21:47:57'),(1118,15,12,'2021-12-02 21:47:57'),(1119,15,21,'2021-12-02 21:47:57'),(1120,15,24,'2021-12-02 21:47:57'),(1121,15,21,'2021-12-02 21:47:57'),(1122,15,7,'2021-12-02 21:47:57'),(1123,15,7,'2021-12-02 21:47:57'),(1124,15,13,'2021-12-02 21:47:57'),(1125,15,9,'2021-12-02 21:47:57'),(1126,16,11,'2021-12-02 21:47:57'),(1127,16,10,'2021-12-02 21:47:57'),(1128,16,17,'2021-12-02 21:47:57'),(1129,16,9,'2021-12-02 21:47:57'),(1130,16,14,'2021-12-02 21:47:57'),(1131,16,6,'2021-12-02 21:47:57'),(1132,16,19,'2021-12-02 21:47:57'),(1133,16,13,'2021-12-02 21:47:57'),(1134,16,24,'2021-12-02 21:47:57'),(1135,16,14,'2021-12-02 21:47:57'),(1136,16,18,'2021-12-02 21:47:57'),(1137,16,20,'2021-12-02 21:47:57'),(1138,16,4,'2021-12-02 21:47:57'),(1139,16,16,'2021-12-02 21:47:57'),(1140,16,22,'2021-12-02 21:47:57'),(1141,16,21,'2021-12-02 21:47:57'),(1142,16,23,'2021-12-02 21:47:57'),(1143,16,11,'2021-12-02 21:47:57'),(1144,17,8,'2021-12-02 21:47:57'),(1145,17,3,'2021-12-02 21:47:57'),(1146,17,16,'2021-12-02 21:47:57'),(1147,17,15,'2021-12-02 21:47:57'),(1148,17,22,'2021-12-02 21:47:57'),(1149,17,13,'2021-12-02 21:47:57'),(1150,17,6,'2021-12-02 21:47:57'),(1151,17,24,'2021-12-02 21:47:57'),(1152,17,23,'2021-12-02 21:47:57'),(1153,17,10,'2021-12-02 21:47:57'),(1154,17,24,'2021-12-02 21:47:57'),(1155,17,12,'2021-12-02 21:47:57'),(1156,17,11,'2021-12-02 21:47:57'),(1157,17,7,'2021-12-02 21:47:57'),(1158,17,2,'2021-12-02 21:47:57'),(1159,17,6,'2021-12-02 21:47:57'),(1160,17,2,'2021-12-02 21:47:57'),(1161,17,1,'2021-12-02 21:47:57'),(1162,18,12,'2021-12-02 21:47:57'),(1163,18,4,'2021-12-02 21:47:57'),(1164,18,20,'2021-12-02 21:47:57'),(1165,18,11,'2021-12-02 21:47:57'),(1166,18,21,'2021-12-02 21:47:57'),(1167,18,4,'2021-12-02 21:47:57'),(1168,18,11,'2021-12-02 21:47:57'),(1169,18,12,'2021-12-02 21:47:57'),(1170,18,9,'2021-12-02 21:47:57'),(1171,18,14,'2021-12-02 21:47:57'),(1172,18,19,'2021-12-02 21:47:57'),(1173,18,24,'2021-12-02 21:47:57'),(1174,18,14,'2021-12-02 21:47:57'),(1175,18,14,'2021-12-02 21:47:57'),(1176,18,2,'2021-12-02 21:47:57'),(1177,18,7,'2021-12-02 21:47:57'),(1178,18,19,'2021-12-02 21:47:57'),(1179,18,13,'2021-12-02 21:47:57'),(1180,19,24,'2021-12-02 21:47:57'),(1181,19,11,'2021-12-02 21:47:57'),(1182,19,10,'2021-12-02 21:47:57'),(1183,19,2,'2021-12-02 21:47:57'),(1184,19,4,'2021-12-02 21:47:57'),(1185,19,19,'2021-12-02 21:47:57'),(1186,19,4,'2021-12-02 21:47:57'),(1187,19,13,'2021-12-02 21:47:57'),(1188,19,2,'2021-12-02 21:47:57'),(1189,19,13,'2021-12-02 21:47:57'),(1190,19,3,'2021-12-02 21:47:57'),(1191,19,9,'2021-12-02 21:47:57'),(1192,19,13,'2021-12-02 21:47:57'),(1193,19,20,'2021-12-02 21:47:57'),(1194,19,1,'2021-12-02 21:47:57'),(1195,19,11,'2021-12-02 21:47:57'),(1196,19,20,'2021-12-02 21:47:57'),(1197,19,3,'2021-12-02 21:47:57'),(1198,20,8,'2021-12-02 21:47:57'),(1199,20,24,'2021-12-02 21:47:57'),(1200,20,17,'2021-12-02 21:47:57'),(1201,20,5,'2021-12-02 21:47:57'),(1202,20,6,'2021-12-02 21:47:57'),(1203,20,3,'2021-12-02 21:47:57'),(1204,20,7,'2021-12-02 21:47:57'),(1205,20,2,'2021-12-02 21:47:57'),(1206,20,19,'2021-12-02 21:47:57'),(1207,20,3,'2021-12-02 21:47:57'),(1208,20,11,'2021-12-02 21:47:57'),(1209,20,2,'2021-12-02 21:47:57'),(1210,20,16,'2021-12-02 21:47:57'),(1211,20,1,'2021-12-02 21:47:57'),(1212,20,11,'2021-12-02 21:47:57'),(1213,20,24,'2021-12-02 21:47:57'),(1214,20,17,'2021-12-02 21:47:57'),(1215,20,5,'2021-12-02 21:47:57'),(1216,20,11,'2021-12-02 21:47:57'),(1217,21,22,'2021-12-02 21:47:57'),(1218,21,16,'2021-12-02 21:47:57'),(1219,21,23,'2021-12-02 21:47:57'),(1220,21,24,'2021-12-02 21:47:57'),(1221,21,24,'2021-12-02 21:47:57'),(1222,21,13,'2021-12-02 21:47:57'),(1223,21,16,'2021-12-02 21:47:57'),(1224,21,13,'2021-12-02 21:47:57'),(1225,21,24,'2021-12-02 21:47:57'),(1226,21,13,'2021-12-02 21:47:57'),(1227,21,3,'2021-12-02 21:47:57'),(1228,21,12,'2021-12-02 21:47:57'),(1229,21,15,'2021-12-02 21:47:57'),(1230,21,19,'2021-12-02 21:47:57'),(1231,21,22,'2021-12-02 21:47:57'),(1232,21,1,'2021-12-02 21:47:57'),(1233,21,22,'2021-12-02 21:47:57'),(1234,21,16,'2021-12-02 21:47:57'),(1235,21,9,'2021-12-02 21:47:57'),(1236,22,24,'2021-12-02 21:47:57'),(1237,22,2,'2021-12-02 21:47:57'),(1238,22,1,'2021-12-02 21:47:57'),(1239,22,14,'2021-12-02 21:47:57'),(1240,22,2,'2021-12-02 21:47:57'),(1241,22,11,'2021-12-02 21:47:57'),(1242,22,12,'2021-12-02 21:47:57'),(1243,22,3,'2021-12-02 21:47:57'),(1244,22,11,'2021-12-02 21:47:57'),(1245,22,3,'2021-12-02 21:47:57'),(1246,22,24,'2021-12-02 21:47:57'),(1247,22,18,'2021-12-02 21:47:57'),(1248,22,4,'2021-12-02 21:47:57'),(1249,22,12,'2021-12-02 21:47:57'),(1250,22,23,'2021-12-02 21:47:57'),(1251,22,10,'2021-12-02 21:47:57'),(1252,22,10,'2021-12-02 21:47:57'),(1253,22,3,'2021-12-02 21:47:57'),(1254,22,24,'2021-12-02 21:47:57'),(1255,23,22,'2021-12-02 21:47:57'),(1256,23,5,'2021-12-02 21:47:57'),(1257,23,6,'2021-12-02 21:47:57'),(1258,23,4,'2021-12-02 21:47:57'),(1259,23,6,'2021-12-02 21:47:57'),(1260,23,21,'2021-12-02 21:47:57'),(1261,23,9,'2021-12-02 21:47:57'),(1262,23,21,'2021-12-02 21:47:57'),(1263,23,21,'2021-12-02 21:47:57'),(1264,23,6,'2021-12-02 21:47:57'),(1265,23,23,'2021-12-02 21:47:57'),(1266,23,2,'2021-12-02 21:47:57'),(1267,23,16,'2021-12-02 21:47:57'),(1268,23,12,'2021-12-02 21:47:57'),(1269,23,6,'2021-12-02 21:47:57'),(1270,23,1,'2021-12-02 21:47:57'),(1271,23,14,'2021-12-02 21:47:57'),(1272,23,22,'2021-12-02 21:47:57'),(1273,23,1,'2021-12-02 21:47:57'),(1274,24,6,'2021-12-02 21:47:57'),(1275,24,24,'2021-12-02 21:47:57'),(1276,24,14,'2021-12-02 21:47:57'),(1277,24,10,'2021-12-02 21:47:57'),(1278,24,20,'2021-12-02 21:47:57'),(1279,24,2,'2021-12-02 21:47:57'),(1280,24,21,'2021-12-02 21:47:57'),(1281,24,5,'2021-12-02 21:47:57'),(1282,24,2,'2021-12-02 21:47:57'),(1283,24,18,'2021-12-02 21:47:57'),(1284,24,1,'2021-12-02 21:47:57'),(1285,24,6,'2021-12-02 21:47:57'),(1286,24,17,'2021-12-02 21:47:57'),(1287,24,8,'2021-12-02 21:47:57'),(1288,24,11,'2021-12-02 21:47:57'),(1289,24,21,'2021-12-02 21:47:57'),(1290,24,11,'2021-12-02 21:47:57'),(1291,24,3,'2021-12-02 21:47:57'),(1292,24,5,'2021-12-02 21:47:57');
/*!40000 ALTER TABLE `thanks` ENABLE KEYS */;
UNLOCK TABLES;

--
-- Table structure for table `users`
--

DROP TABLE IF EXISTS `users`;
/*!40101 SET @saved_cs_client     = @@character_set_client */;
/*!40101 SET character_set_client = utf8 */;
CREATE TABLE `users` (
  `id` int(11) NOT NULL AUTO_INCREMENT,
  `name` varchar(255) NOT NULL,
  PRIMARY KEY (`id`)
) ENGINE=InnoDB AUTO_INCREMENT=25 DEFAULT CHARSET=utf8;
/*!40101 SET character_set_client = @saved_cs_client */;

--
-- Dumping data for table `users`
--

LOCK TABLES `users` WRITE;
/*!40000 ALTER TABLE `users` DISABLE KEYS */;
INSERT INTO `users` VALUES (1,'Иван'),(2,'Илья'),(3,'Егор'),(4,'Анна'),(5,'Инна'),(6,'Дмитрий'),(7,'Евгений'),(8,'Тарас'),(9,'Антон'),(10,'Ульяна'),(11,'Артем'),(12,'Тимур'),(13,'Никита'),(14,'Дарья'),(15,'Елизавета'),(16,'Марина'),(17,'Борис'),(18,'Константин'),(19,'Павел'),(20,'Екатерина'),(21,'Виктория'),(22,'Ирина'),(23,'Василий'),(24,'Игорь');
/*!40000 ALTER TABLE `users` ENABLE KEYS */;
UNLOCK TABLES;
/*!40103 SET TIME_ZONE=@OLD_TIME_ZONE */;

/*!40101 SET SQL_MODE=@OLD_SQL_MODE */;
/*!40014 SET FOREIGN_KEY_CHECKS=@OLD_FOREIGN_KEY_CHECKS */;
/*!40014 SET UNIQUE_CHECKS=@OLD_UNIQUE_CHECKS */;
/*!40101 SET CHARACTER_SET_CLIENT=@OLD_CHARACTER_SET_CLIENT */;
/*!40101 SET CHARACTER_SET_RESULTS=@OLD_CHARACTER_SET_RESULTS */;
/*!40101 SET COLLATION_CONNECTION=@OLD_COLLATION_CONNECTION */;
/*!40111 SET SQL_NOTES=@OLD_SQL_NOTES */;

-- Dump completed on 2021-12-03 12:28:43
